data;scadenza;prezzo;tipo;prodotto;fonte
2025-11-11;lug-27;258.0;PDT;GRANO DURO;PDF (PDT & PMG.pdf)
2025-11-12;lug-27;257.0;PDT;GRANO DURO;PDF (PDT & PMG.pdf)
2025-11-13;lug-27;257.0;PDT;GRANO DURO;PDF (PDT & PMG.pdf)
2025-11-14;lug-27;257.0;PDT;GRANO DURO;PDF (PDT  PMG.PDF)
2025-11-17;lug-27;256.0;PDT;GRANO DURO;PDF (PDT  PMG.PDF)
2025-11-18;lug-27;259.0;PDT;GRANO DURO;PDF (PDT & PMG.pdf)
2025-11-19;lug-27;259.0;PDT;GRANO DURO;PDF (PDT & PMG.pdf)
2025-11-20;lug-27;258.0;PDT;GRANO DURO;PDF (PDT & PMG.pdf)
2025-11-21;lug-27;256.0;PDT;GRANO DURO;PDF (PDT & PMG.pdf)
2025-11-24;lug-27;255.0;PDT;GRANO DURO;PDF (PDT  PMG.PDF)
2025-11-25;lug-27;254.0;PDT;GRANO DURO;PDF (PDT & PMG.pdf)
2025-11-26;lug-27;254.0;PDT;GRANO DURO;PDF (PDT & PMG.pdf)
2025-11-27;lug-27;254.0;PDT;GRANO DURO;PDF (PDT & PMG.pdf)
2025-11-28;lug-27;254.0;PDT;GRANO DURO;PDF (PDT & PMG.pdf)
2025-12-01;lug-27;251.0;PDT;GRANO DURO;PDF (PDT & PMG.pdf)
2025-12-02;lug-27;251.0;PDT;GRANO DURO;PDF (PDT & PMG.pdf)
2025-12-03;lug-27;253.0;PDT;GRANO DURO;PDF (PDT & PMG.pdf)
2025-12-04;lug-27;252.0;PDT;GRANO DURO;PDF (PDT & PMG.pdf)
2025-12-05;lug-27;252.0;PDT;GRANO DURO;PDF (PDT  PMG.pdf)
2025-12-09;lug-27;251.0;PDT;GRANO DURO;PDF (PDT & PMG.pdf)
2025-12-10;lug-27;250.0;PDT;GRANO DURO;PDF (PDT & PMG.pdf)
2025-12-11;lug-27;251.0;PDT;GRANO DURO;PDF (PDT  PMG.pdf)
2025-12-12;lug-27;249.0;PDT;GRANO DURO;PDF (PDT  PMG.pdf)
2025-12-15;lug-27;250.0;PDT;GRANO DURO;PDF (PDT  PMG.pdf)
2025-12-16;lug-27;249.0;PDT;GRANO DURO;PDF (PDT & PMG.pdf)
2025-12-17;lug-27;247.0;PDT;GRANO DURO;PDF (PDT & PMG.pdf)
2025-12-18;lug-27;247.0;PDT;GRANO DURO;PDF (PDT & PMG.pdf)
2025-12-19;lug-27;247.0;PDT;GRANO DURO;PDF (PDT  PMG.pdf)
2025-12-22;lug-27;248.0;PDT;GRANO DURO;PDF (PDT  PMG.pdf)
2025-12-23;lug-27;248.0;PDT;GRANO DURO;PDF (PDT  PMG.pdf)
2025-12-29;lug-27;249.0;PDT;GRANO DURO;PDF (PDT  PMG.pdf)
2025-12-30;lug-27;249.0;PDT;GRANO DURO;PDF (PDT  PMG.pdf)
2026-01-05;lug-27;248.0;PDT;GRANO DURO;PDF (PDT  PMG.pdf)
2026-01-07;lug-27;249.0;PDT;GRANO DURO;PDF (PDT  PMG.pdf)
2026-01-08;lug-27;250.0;PDT;GRANO DURO;PDF (PDT & PMG.pdf)
2026-01-09;lug-27;249.0;PDT;GRANO DURO;PDF (PDT & PMG.pdf)
2026-01-12;lug-27;256.0;PDT;GRANO DURO;PDF (PDT & PMG.pdf)
2026-01-13;lug-27;254.0;PDT;GRANO DURO;PDF (PDT & PMG.pdf)
2026-01-14;lug-27;255.0;PDT;GRANO DURO;PDF (PDT & PMG.pdf)
2026-01-15;lug-27;255.0;PDT;GRANO DURO;PDF (PDT & PMG.pdf)
2026-01-16;lug-27;254.0;PDT;GRANO DURO;PDF (PDT  PMG.pdf)
2026-01-19;lug-27;257.0;PDT;GRANO DURO;PDF (PDT & PMG.pdf)
2026-01-20;lug-27;255.0;PDT;GRANO DURO;PDF (PDT & PMG.pdf)
2026-01-21;lug-27;255.0;PDT;GRANO DURO;PDF (PDT & PMG.pdf)
2026-01-22;lug-27;252.0;PDT;GRANO DURO;PDF (PDT & PMG.pdf)
2026-01-23;lug-27;254.0;PDT;GRANO DURO;PDF (PDT  PMG.pdf)
2026-01-26;lug-27;253.0;PDT;GRANO DURO;PDF (PDT & PMG.pdf)
2026-01-27;lug-27;252.0;PDT;GRANO DURO;PDF (PDT  PMG.pdf)
2026-01-29;lug-27;254.0;PDT;GRANO DURO;PDF (PDT  PMG.pdf)
2026-02-02;lug-27;253.0;PDT;GRANO DURO;PDF (PDT & PMG.pdf)
2026-02-03;lug-27;254.0;PDT;GRANO DURO;PDF (PDT & PMG.pdf)
2026-02-04;lug-27;253.0;PDT;GRANO DURO;PDF (PDT & PMG.pdf)
2026-02-05;lug-27;253.0;PDT;GRANO DURO;PDF (PDT & PMG.pdf)
2026-02-06;lug-27;254.0;PDT;GRANO DURO;PDF (PDT & PMG.pdf)
2026-02-09;lug-27;252.0;PDT;GRANO DURO;PDF (PDT & PMG.pdf)
2026-02-10;lug-27;251.0;PDT;GRANO DURO;PDF (PDT  PMG.pdf)
2026-02-11;lug-27;252.0;PDT;GRANO DURO;PDF (PDT  PMG.pdf)
2026-02-12;lug-27;253.0;PDT;GRANO DURO;PDF (PDT & PMG.pdf)
2026-02-13;lug-27;254.0;PDT;GRANO DURO;PDF (PDT & PMG.pdf)
2026-02-16;lug-27;253.0;PDT;GRANO DURO;PDF (PDT & PMG.pdf)
2026-02-17;lug-27;253.0;PDT;GRANO DURO;PDF (PDT  PMG.pdf)
2026-02-18;lug-27;252.0;PDT;GRANO DURO;PDF (PDT & PMG.pdf)
2026-02-19;lug-27;253.0;PDT;GRANO DURO;PDF (PDT  PMG.pdf)
2026-02-20;lug-27;255.0;PDT;GRANO DURO;PDF (PDT  PMG.pdf)
2026-02-23;lug-27;256.0;PDT;GRANO DURO;PDF (PDT  PMG.pdf)
2026-02-24;lug-27;255.0;PDT;GRANO DURO;PDF (PDT & PMG.pdf)
2026-02-25;lug-27;226.0;PDT;GRANO DURO;PDF (PDT & PMG.pdf)
2026-02-26;lug-27;257.0;PDT;GRANO DURO;PDF (PDT  PMG.pdf)
2026-02-27;lug-27;228.0;PDT;GRANO DURO;PDF (PDT  PMG.pdf)
2026-03-02;lug-27;233.0;PDT;GRANO DURO;PDF (PDT & PMG.pdf)
2026-03-03;lug-27;232.0;PDT;GRANO DURO;PDF (PDT & PMG.pdf)
2026-03-09;lug-27;256.0;PDT;GRANO DURO;PDF (PDT  PMG.pdf)
2026-03-10;lug-27;250.0;PDT;GRANO DURO;PDF (PDT  PMG.pdf)
2026-03-11;lug-27;251.0;PDT;GRANO DURO;PDF (PDT  PMG.pdf)
2026-03-12;lug-27;251.0;PDT;GRANO DURO;PDF (PDT  PMG.pdf)
2026-03-13;lug-27;252.0;PDT;GRANO DURO;PDF (PDT  PMG.pdf)
2026-03-16;lug-27;253.0;PDT;GRANO DURO;PDF (PDT  PMG.pdf)
2026-03-18;lug-27;250.0;PDT;GRANO DURO;PDF (PDT  PMG.pdf)
2026-03-19;lug-27;242.0;PDT;GRANO DURO;PDF (PDT & PMG.pdf)
2026-03-23;lug-27;242.0;PDT;GRANO DURO;Storico Simulato CAI
2026-03-24;lug-27;234.0;PDT;GRANO DURO;PDF (PDT & PMG.pdf)
2026-03-27;lug-27;238.0;PDT;GRANO DURO;PDF (PDT & PMG.pdf)
2026-03-30;lug-27;237.0;PDT;GRANO DURO;PDF (PDT  PMG.pdf)
2026-03-31;lug-27;238.0;PDT;GRANO DURO;PDF (PDT & PMG.pdf)
2026-04-01;lug-27;250.0;PDT;GRANO DURO;PDF (PDT  PMG.pdf)
2026-04-02;lug-27;251.0;PDT;GRANO DURO;PDF (PDT  PMG.pdf)
2026-04-07;lug-27;250.0;PDT;GRANO DURO;PDF (PDT  PMG.pdf)
2026-04-08;lug-27;247.0;PDT;GRANO DURO;PDF (PDT  PMG.pdf)
2026-04-09;lug-27;247.0;PDT;GRANO DURO;PDF (PDT  PMG.pdf)
2026-04-10;lug-27;244.0;PDT;GRANO DURO;PDF (PDT  PMG.pdf)
2026-04-14;lug-27;244.0;PDT;GRANO DURO;PDF (PDT  PMG.pdf)
2026-04-15;lug-27;246.0;PDT;GRANO DURO;PDF (PDT  PMG.pdf)
2026-04-16;lug-27;246.0;PDT;GRANO DURO;PDF (PDT  PMG.pdf)
2026-04-17;lug-27;244.0;PDT;GRANO DURO;PDF (PDT  PMG.pdf)
2026-04-20;lug-27;245.0;PDT;GRANO DURO;PDF (PDT  PMG.pdf)
2026-04-21;lug-27;247.0;PDT;GRANO DURO;PDF (PDT  PMG.pdf)
2026-04-22;lug-27;248.0;PDT;GRANO DURO;PDF (PDT  PMG.pdf)
2026-04-23;lug-27;249.0;PDT;GRANO DURO;PDF (PDT  PMG.pdf)
2026-04-24;lug-27;250.0;PDT;GRANO DURO;PDF (PDT  PMG.pdf)
2026-04-27;lug-27;249.0;PDT;GRANO DURO;PDF (PDT  PMG.pdf)
2026-04-28;lug-27;252.0;PDT;GRANO DURO;PDF (PDT  PMG.pdf)
2026-04-29;lug-27;255.0;PDT;GRANO DURO;PDF (PDT  PMG.pdf)
2026-04-30;lug-27;256.0;PDT;GRANO DURO;PDF (PDT  PMG.pdf)
2026-05-02;lug-27;255.0;PDT;GRANO DURO;Storico Simulato CAI
2026-05-04;lug-27;252.0;PDT;GRANO DURO;PDF (PDT  PMG.pdf)
2026-05-05;lug-27;252.0;PDT;GRANO DURO;PDF (PDT  PMG.pdf)
2026-05-06;lug-27;249.0;PDT;GRANO DURO;PDF (PDT  PMG.pdf)
2026-05-07;lug-27;247.0;PDT;GRANO DURO;PDF (PDT  PMG.pdf)
2026-05-08;lug-27;247.0;PDT;GRANO DURO;PDF (PDT  PMG.pdf)
2026-05-11;lug-27;247.0;PDT;GRANO DURO;PDF (PDT  PMG.pdf)
2026-05-12;lug-27;250.0;PDT;GRANO DURO;PDF (PDT  PMG.pdf)
2026-05-13;lug-27;255.0;PDT;GRANO DURO;PDF (PDT  PMG.pdf)
2026-05-14;lug-27;261.0;PDT;GRANO DURO;PDF (PDT  PMG.pdf)
2026-05-15;lug-27;258.0;PDT;GRANO DURO;PDF (PDT  PMG.pdf)
2026-05-18;lug-27;258.0;PDT;GRANO DURO;PDF (PDT  PMG.pdf)
2026-05-19;lug-27;259.0;PDT;GRANO DURO;PDF (PDT  PMG.pdf)
2026-05-20;lug-27;259.0;PDT;GRANO DURO;PDF (PDT  PMG.pdf)
2026-05-21;lug-27;259.0;PDT;GRANO DURO;PDF (PDT  PMG.pdf)
2026-05-22;lug-27;256.0;PDT;GRANO DURO;PDF (PDT  PMG.pdf)
2026-05-25;lug-27;254.0;PDT;GRANO DURO;PDF (PDT  PMG.pdf)
2026-05-26;lug-27;250.0;PDT;GRANO DURO;PDF (PDT  PMG.pdf)
2026-05-27;lug-27;250.0;PDT;GRANO DURO;PDF (PDT  PMG.pdf)
2026-05-28;lug-27;250.0;PDT;GRANO DURO;PDF (PDT  PMG.pdf)
2026-05-29;lug-27;249.0;PDT;GRANO DURO;PDF (PDT  PMG.pdf)
2026-06-01;lug-27;253.0;PDT;GRANO DURO;PDF (PDT  PMG.pdf)
2026-06-01;lug-28;255.0;PDT;GRANO DURO;PDF (PDT  PMG.pdf)
2026-06-04;lug-27;250.0;PDT;GRANO DURO;PDF (PDT  PMG.pdf)
2026-06-04;lug-28;252.0;PDT;GRANO DURO;PDF (PDT  PMG.pdf)
2026-06-08;lug-27;249.0;PDT;GRANO DURO;PDF (PDT  PMG.pdf)
2026-06-08;lug-28;251.0;PDT;GRANO DURO;PDF (PDT  PMG.pdf)
2026-06-09;lug-27;248.0;PDT;GRANO DURO;PDF (PDT  PMG.pdf)
2026-06-09;lug-28;250.0;PDT;GRANO DURO;PDF (PDT  PMG.pdf)
2026-06-10;lug-27;249.0;PDT;GRANO DURO;PDF (PDT  PMG.pdf)
2026-06-10;lug-28;251.0;PDT;GRANO DURO;PDF (PDT  PMG.pdf)
2026-06-11;lug-27;250.0;PDT;GRANO DURO;PDF (PDT  PMG.pdf)
2026-06-11;lug-28;252.0;PDT;GRANO DURO;PDF (PDT  PMG.pdf)
2026-06-12;lug-27;249.0;PDT;GRANO DURO;PDF (PDT  PMG.pdf)
2026-06-12;lug-28;251.0;PDT;GRANO DURO;PDF (PDT  PMG.pdf)
2026-06-15;lug-27;245.0;PDT;GRANO DURO;PDF (PDT  PMG.pdf)
2026-06-15;lug-28;247.0;PDT;GRANO DURO;PDF (PDT  PMG.pdf)
2026-06-16;lug-27;245.0;PDT;GRANO DURO;PDF (PDT  PMG.pdf)
2026-06-16;lug-28;247.0;PDT;GRANO DURO;PDF (PDT  PMG.pdf)
2026-06-17;lug-27;246.0;PDT;GRANO DURO;PDF (PDT  PMG.pdf)
2026-06-17;lug-28;248.0;PDT;GRANO DURO;PDF (PDT  PMG.pdf)
2026-06-18;lug-27;249.0;PDT;GRANO DURO;PDF (PDT  PMG.pdf)
2026-06-18;lug-28;251.0;PDT;GRANO DURO;PDF (PDT  PMG.pdf)
2026-06-19;lug-27;248.0;PDT;GRANO DURO;PDF (PDT  PMG.pdf)
2026-06-19;lug-28;250.0;PDT;GRANO DURO;PDF (PDT  PMG.pdf)
2026-06-22;lug-27;247.0;PDT;GRANO DURO;PDF (PDT  PMG.pdf)
2026-06-22;lug-28;249.0;PDT;GRANO DURO;PDF (PDT  PMG.pdf)
2026-06-23;lug-27;247.0;PDT;GRANO DURO;PDF (PDT  PMG.pdf)
2026-06-23;lug-28;249.0;PDT;GRANO DURO;PDF (PDT  PMG.pdf)
2026-06-24;lug-27;248.0;PDT;GRANO DURO;PDF (PDT  PMG.pdf)
2026-06-24;lug-28;250.0;PDT;GRANO DURO;PDF (PDT  PMG.pdf)
2026-06-25;lug-27;249.0;PDT;GRANO DURO;PDF (PDT  PMG.pdf)
2026-06-25;lug-28;251.0;PDT;GRANO DURO;PDF (PDT  PMG.pdf)
2026-06-26;lug-27;248.0;PDT;GRANO DURO;PDF (PDT  PMG.pdf)
2026-06-26;lug-28;250.0;PDT;GRANO DURO;PDF (PDT  PMG.pdf)
2026-06-28;lug-27;251.0;PDT;GRANO DURO;Storico Simulato CAI
2026-06-29;lug-27;246.0;PDT;GRANO DURO;PDF (PDT  PMG.pdf)
2026-06-29;lug-28;248.0;PDT;GRANO DURO;PDF (PDT  PMG.pdf)
2026-06-30;lug-27;245.0;PDT;GRANO DURO;PDF (PDT  PMG.pdf)
2026-06-30;lug-28;247.0;PDT;GRANO DURO;PDF (PDT  PMG.pdf)
2026-07-01;lug-27;246.0;PDT;GRANO DURO;PDF (PDT  PMG.pdf)
2026-07-01;lug-28;248.0;PDT;GRANO DURO;PDF (PDT  PMG.pdf)
2026-07-02;lug-27;246.0;PDT;GRANO DURO;PDF (PDT  PMG.pdf)
2026-07-02;lug-28;248.0;PDT;GRANO DURO;PDF (PDT  PMG.pdf)
2026-07-03;lug-27;246.0;PDT;GRANO DURO;PDF (PDT  PMG.pdf)
2026-07-03;lug-28;248.0;PDT;GRANO DURO;PDF (PDT  PMG.pdf)
2026-07-06;lug-27;249.0;PDT;GRANO DURO;PDF (PDT  PMG.pdf)
2026-07-06;lug-28;251.0;PDT;GRANO DURO;PDF (PDT  PMG.pdf)
2026-07-07;lug-27;249.0;PDT;GRANO DURO;PDF (PDT  PMG.pdf)
2026-07-07;lug-28;251.0;PDT;GRANO DURO;PDF (PDT  PMG.pdf)
2026-07-08;lug-27;251.0;PDT;GRANO DURO;PDF (PDT  PMG.pdf)
2026-07-08;lug-28;253.0;PDT;GRANO DURO;PDF (PDT  PMG.pdf)
2026-07-09;lug-27;248.0;PDT;GRANO DURO;PDF (PDT  PMG.pdf)
2026-07-09;lug-28;250.0;PDT;GRANO DURO;PDF (PDT  PMG.pdf)
2026-07-10;lug-27;250.0;PDT;GRANO DURO;PDF (PDT  PMG.pdf)
2026-07-10;lug-28;252.0;PDT;GRANO DURO;PDF (PDT  PMG.pdf)
2026-07-13;lug-27;256.0;PDT;GRANO DURO;PDF (PDT  PMG.pdf)
2026-07-13;lug-28;258.0;PDT;GRANO DURO;PDF (PDT  PMG.pdf)
2026-07-14;lug-27;256.0;PDT;GRANO DURO;PDF (PDT  PMG.pdf)
2026-07-14;lug-28;258.0;PDT;GRANO DURO;PDF (PDT  PMG.pdf)
2026-07-15;lug-27;258.0;PDT;GRANO DURO;PDF (PDT  PMG.pdf)
2026-07-15;lug-28;260.0;PDT;GRANO DURO;PDF (PDT  PMG.pdf)
2026-07-16;lug-27;259.0;PDT;GRANO DURO;PDF (PDT  PMG.pdf)
2026-07-16;lug-28;261.0;PDT;GRANO DURO;PDF (PDT  PMG.pdf)
2026-07-17;lug-27;260.0;PDT;GRANO DURO;PDF (PDT  PMG.pdf)
2026-07-17;lug-28;262.0;PDT;GRANO DURO;PDF (PDT  PMG.pdf)
2026-07-20;lug-27;259.0;PDT;GRANO DURO;PDF (PDT  PMG.pdf)
2026-07-20;lug-28;261.0;PDT;GRANO DURO;PDF (PDT  PMG.pdf)
2026-07-21;lug-27;258.0;PDT;GRANO DURO;PDF (PDT  PMG.pdf)
2026-07-21;lug-28;260.0;PDT;GRANO DURO;PDF (PDT  PMG.pdf)
2026-07-22;lug-27;258.0;PDT;GRANO DURO;PDF (PDT  PMG.pdf)
2026-07-22;lug-28;260.0;PDT;GRANO DURO;PDF (PDT  PMG.pdf)
2026-07-23;lug-27;260.0;PDT;GRANO DURO;PDF (PDT  PMG.pdf)
2026-07-23;lug-28;262.0;PDT;GRANO DURO;PDF (PDT  PMG.pdf)
2026-07-24;lug-27;252.0;PDT;GRANO DURO;PDF (PDT  PMG.pdf)
2026-07-24;lug-28;254.0;PDT;GRANO DURO;PDF (PDT  PMG.pdf)
2026-08-04;lug-27;250.0;PDT;GRANO DURO;PDF (PDT  PMG.pdf)
2026-08-04;lug-28;252.0;PDT;GRANO DURO;PDF (PDT  PMG.pdf)
2026-08-05;lug-27;246.0;PDT;GRANO DURO;PDF (PDT  PMG.pdf)
2026-08-05;lug-28;248.0;PDT;GRANO DURO;PDF (PDT  PMG.pdf)
2026-08-06;lug-27;249.0;PDT;GRANO DURO;PDF (PDT  PMG.pdf)
2026-08-06;lug-28;251.0;PDT;GRANO DURO;PDF (PDT  PMG.pdf)
2026-08-07;lug-27;249.0;PDT;GRANO DURO;PDF (PDT  PMG.pdf)
2026-08-07;lug-28;251.0;PDT;GRANO DURO;PDF (PDT  PMG.pdf)
2026-08-18;lug-27;256.0;PDT;GRANO DURO;PDF (PDT  PMG.pdf)
2026-08-18;lug-28;258.0;PDT;GRANO DURO;PDF (PDT  PMG.pdf)
2026-08-20;lug-27;258.0;PDT;GRANO DURO;PDF (PDT  PMG.pdf)
2026-08-20;lug-28;260.0;PDT;GRANO DURO;PDF (PDT  PMG.pdf)
2026-08-21;lug-27;258.0;PDT;GRANO DURO;PDF (PDT  PMG.pdf)
2026-08-21;lug-28;260.0;PDT;GRANO DURO;PDF (PDT  PMG.pdf)
2026-08-24;lug-27;259.0;PDT;GRANO DURO;PDF (PDT  PMG.pdf)
2026-08-24;lug-28;261.0;PDT;GRANO DURO;PDF (PDT  PMG.pdf)
2026-08-25;lug-27;256.0;PDT;GRANO DURO;PDF (PDT  PMG.pdf)
2026-08-25;lug-28;258.0;PDT;GRANO DURO;PDF (PDT  PMG.pdf)
2026-08-26;lug-27;259.0;PDT;GRANO DURO;PDF (PDT  PMG.pdf)
2026-08-26;lug-28;261.0;PDT;GRANO DURO;PDF (PDT  PMG.pdf)
2026-08-27;lug-27;262.0;PDT;GRANO DURO;PDF (PDT  PMG.pdf)
2026-08-27;lug-28;264.0;PDT;GRANO DURO;PDF (PDT  PMG.pdf)
2026-08-28;lug-27;264.0;PDT;GRANO DURO;PDF (PDT  PMG.pdf)
2026-08-28;lug-28;266.0;PDT;GRANO DURO;PDF (PDT  PMG.pdf)
2026-08-31;lug-27;266.0;PDT;GRANO DURO;PDF (PDT  PMG.pdf)
2026-08-31;lug-28;268.0;PDT;GRANO DURO;PDF (PDT  PMG.pdf)
2026-09-01;lug-27;265.0;PDT;GRANO DURO;PDF (PDT  PMG.pdf)
2026-09-01;lug-28;267.0;PDT;GRANO DURO;PDF (PDT  PMG.pdf)
2026-09-02;lug-27;264.0;PDT;GRANO DURO;PDF (PDT  PMG.pdf)
2026-09-02;lug-28;266.0;PDT;GRANO DURO;PDF (PDT  PMG.pdf)
2026-09-03;lug-27;261.0;PDT;GRANO DURO;PDF (PDT  PMG.pdf)
2026-09-03;lug-28;263.0;PDT;GRANO DURO;PDF (PDT  PMG.pdf)
2026-09-08;lug-27;259.0;PDT;GRANO DURO;Storico Simulato CAI
2026-09-15;lug-27;260.0;PDT;GRANO DURO;Storico Simulato CAI
2026-09-17;lug-27;261.0;PDT;GRANO DURO;PDF (PDT  PMG.pdf)
2026-09-17;lug-28;263.0;PDT;GRANO DURO;PDF (PDT  PMG.pdf)
2026-09-18;lug-27;261.0;PDT;GRANO DURO;PDF PDT PMG (18-set-26)
2026-09-18;lug-28;263.0;PDT;GRANO DURO;PDF PDT PMG (18-set-26)
2026-09-21;lug-27;260.0;PDT;GRANO DURO;PDF (PDT  PMG.pdf)
2026-09-21;lug-28;262.0;PDT;GRANO DURO;PDF (PDT  PMG.pdf)
2026-09-22;lug-27;260.0;PDT;GRANO DURO;Email Immagine (22-set-26)
2026-09-22;lug-28;262.0;PDT;GRANO DURO;Email Immagine (22-set-26)
2026-09-23;lug-27;261.0;PDT;GRANO DURO;PDF (PDT  PMG.pdf)
2026-09-23;lug-28;263.0;PDT;GRANO DURO;PDF (PDT  PMG.pdf)
2026-09-24;lug-27;261.0;PDT;GRANO DURO;PDF (PDT  PMG.pdf)
2026-09-24;lug-28;263.0;PDT;GRANO DURO;PDF (PDT  PMG.pdf)
2026-09-25;lug-27;256.0;PDT;GRANO DURO;PDF (PDT  PMG.pdf)
2026-09-25;lug-28;258.0;PDT;GRANO DURO;PDF (PDT  PMG.pdf)
